step	accuracy
0	0.6391128897666931
1	0.6149193644523621
2	0.6864919066429138
3	0.6824596524238586
4	0.7066532373428345
5	0.7111895084381104
6	0.7333669066429138
7	0.7404233813285828
8	0.7313507795333862
9	0.75
