step	loss
0	0.6262988448143005
1	0.654218316078186
2	0.5769189596176147
3	0.5841658711433411
4	0.5509613752365112
5	0.5479418039321899
6	0.5280004143714905
7	0.5159801840782166
8	0.5485775470733643
9	0.5086867213249207
